[
      {
            "id": 1,
            "review": "Excellent!",
            "name": "james",
            "rating": 5
      },
      {
            "id": 2,
            "review": "Just ok.",
            "name": "Thompson",
            "rating": 2
      },
      {
            "id": 3,
            "review": "Not very good.",
            "name": "Bishop",
            "rating": 1
      },
      {
            "id": 4,
            "review": "Good",
            "name": "Adams",
            "rating": 4
      },
      {
            "id": 5,
            "review": "Great",
            "name": "Minar",
            "rating": 5
      },
      {
            "id": 6,
            "review": "ehhh",
            "name": "Green",
            "rating": 3
      },
      {
            "id": 7,
            "review": "huh",
            "name": "Greg",
            "rating": 5
      },
      {
            "id": 8,
            "review": "Great",
            "name": "Nancy",
            "rating": 5
      },
      {
            "id": 9,
            "review": "Meh",
            "name": "Eugene",
            "rating": 3
      },
      {
            "id": 10,
            "review": "Wow",
            "name": "Lucille",
            "rating": 4
      }
]